<application>
  <component name="CodotaSettings">
    <option name="methodCompletionsPercentageSet" value="true" />
    <option name="id" value="7c8476ce-262c-4b1f-9f30-8c1904fe6caf" />
    <option name="wasRunBefore" value="true" />
    <option name="firstRun" value="1571966027809" />
    <option name="generation" value="53" />
    <option name="updateGeneration" value="1" />
    <option name="isInJSBeta" value="YES" />
    <option name="isMethodCompletionsPercentageActive" value="true" />
    <option name="isMethodCompletionsPercentageSet" value="true" />
  </component>
</application>