<application>
  <component name="com.intellij.ide.ui.customization.CustomActionsSchema">
    <group value="synchronizeProject" is_action="true" action_type="-1" position="7">
      <path value="root" />
      <path value="Main Toolbar" />
      <path value="Toolbar Run Actions" />
      <path value="Run/Debug" />
      <option name="myInitialPosition" value="-1" />
    </group>
    <group value="JRebel Executor" is_action="true" action_type="-1" position="4">
      <path value="root" />
      <path value="Main Toolbar" />
      <path value="Toolbar Run Actions" />
      <path value="Run/Debug" />
      <option name="myInitialPosition" value="-1" />
    </group>
    <group value="Coverage" is_action="true" action_type="-1" position="2">
      <path value="root" />
      <path value="Main Toolbar" />
      <path value="Toolbar Run Actions" />
      <path value="Run/Debug" />
      <option name="myInitialPosition" value="-1" />
    </group>
  </component>
</application>