<keymap version="1" name="Eclipse copy" parent="Eclipse">
  <action id="Arrangement.Alias.Rule.Edit" />
  <action id="Arrangement.Rule.Edit" />
  <action id="ChangesView.GroupBy.Directory" />
  <action id="CheckinProject">
    <keyboard-shortcut first-keystroke="ctrl alt up" />
  </action>
  <action id="Console.Execute.Multiline" />
  <action id="Console.Jdbc.Execute" />
  <action id="Console.Jpa.Execute" />
  <action id="Console.TableResult.EditValue">
    <keyboard-shortcut first-keystroke="enter" />
    <keyboard-shortcut first-keystroke="alt enter" />
  </action>
  <action id="Console.TableResult.NextPage" />
  <action id="Console.TableResult.PreviousPage" />
  <action id="Console.TableResult.Submit" />
  <action id="Debugger.EditArrayFilter" />
  <action id="Debugger.EditCustomField" />
  <action id="DirDiffMenu.SynchronizeDiff.All" />
  <action id="EditorCreateRectangularSelectionOnMouseDrag">
    <mouse-shortcut keystroke="button2" />
  </action>
  <action id="EditorDuplicate">
    <keyboard-shortcut first-keystroke="alt d" />
  </action>
  <action id="EditorDuplicateLines" />
  <action id="EditorSplitLine" />
  <action id="FileChooser.TogglePathShowing" />
  <action id="FileStructurePopup">
    <keyboard-shortcut first-keystroke="ctrl o" />
    <keyboard-shortcut first-keystroke="ctrl f12" />
  </action>
  <action id="FindBugs.PreviewSelectBugInstance">
    <keyboard-shortcut first-keystroke="alt q" />
  </action>
  <action id="FindInPath">
    <keyboard-shortcut first-keystroke="ctrl h" />
    <keyboard-shortcut first-keystroke="shift ctrl r" />
  </action>
  <action id="FindWordAtCaret" />
  <action id="Git.Pull">
    <keyboard-shortcut first-keystroke="ctrl alt down" />
  </action>
  <action id="GotoDeclaration">
    <keyboard-shortcut first-keystroke="f3" />
    <mouse-shortcut keystroke="control button1" />
    <mouse-shortcut keystroke="control button3" />
  </action>
  <action id="GotoFile" />
  <action id="GotoImplementation">
    <mouse-shortcut keystroke="alt button3" />
    <mouse-shortcut keystroke="alt button1" />
  </action>
  <action id="Groovy.Shell.Execute" />
  <action id="HippieCompletion">
    <keyboard-shortcut first-keystroke="alt slash" />
    <keyboard-shortcut first-keystroke="ctrl enter" />
  </action>
  <action id="KotlinShellExecute" />
  <action id="Mongo.Shell.Execute" />
  <action id="Print" />
  <action id="QuickEvaluateExpression">
    <keyboard-shortcut first-keystroke="ctrl alt f8" />
  </action>
  <action id="QuickJavaDoc">
    <mouse-shortcut keystroke="alt button2" />
    <keyboard-shortcut first-keystroke="shift ctrl space" />
  </action>
  <action id="RenameFile">
    <keyboard-shortcut first-keystroke="f2" />
  </action>
  <action id="TodoViewGroupByShowPackages" />
  <action id="ViewSource" />
  <action id="XDebugger.EditWatch" />
  <action id="XDebugger.SetValue" />
</keymap>